artist,title,album,label,new,local,show,url
The Skull Defekts,In Majestic Drag,Peer Amid,2011,,,Talk of the Town on Sun 11/12/17,http://wkdu.org/playlist/47421
Lung,Actor,Bottom of the Barrel,2017,,,Talk of the Town on Sun 11/12/17,http://wkdu.org/playlist/47421
Naked on the Vague,"The Horse, He's Sick",The Blood Pressure Sessions,2009,,,Talk of the Town on Sun 11/12/17,http://wkdu.org/playlist/47421
Savage Republic,Exodus,Tragic Figures,1982,,,Talk of the Town on Sun 11/12/17,http://wkdu.org/playlist/47421
The Fall,Hey! Student,Middle Class Revolt,1994,,,Talk of the Town on Sun 11/12/17,http://wkdu.org/playlist/47421
Purrkur Pillnikk,Augun úti,Googooplex,1982,,,Talk of the Town on Sun 11/12/17,http://wkdu.org/playlist/47421
Protomartyr,Half Sister,Relatives In Descent,2017,✔,,Talk of the Town on Sun 11/12/17,http://wkdu.org/playlist/47421
Size,La Cabellera de Berenice,S/T,1991,,,Talk of the Town on Sun 11/12/17,http://wkdu.org/playlist/47421
Lower,Someone's Got It In For Me,"Someone's Got It In For Me / But There Has To Be More 7""",2012,,,Talk of the Town on Sun 11/12/17,http://wkdu.org/playlist/47421
Institute,Good Ol' Boys,Subordination,2017,,,Talk of the Town on Sun 11/12/17,http://wkdu.org/playlist/47421
Dead Moon,Room 213,Strange Pray Tell,1992,,,Talk of the Town on Sun 11/12/17,http://wkdu.org/playlist/47421
Pierced Arrows,Paranoia,Descending Shadows,2010,,,Talk of the Town on Sun 11/12/17,http://wkdu.org/playlist/47421
Wipers,Pushing the Extreme,Wipers Live,1985,,,Talk of the Town on Sun 11/12/17,http://wkdu.org/playlist/47421
Heat Dust,I Think About It Every Day,S/T,2015,,,Talk of the Town on Sun 11/12/17,http://wkdu.org/playlist/47421
Saccharine Trust,The Worm's Quest,Wordbroken,1985,,,Talk of the Town on Sun 11/12/17,http://wkdu.org/playlist/47421
Metz,Cellophane,Strange Peace,2017,,,Talk of the Town on Sun 11/12/17,http://wkdu.org/playlist/47421
Ceremony,Into the Wayside Part 1/Sick,Rohnert Park,2010,,,Talk of the Town on Sun 11/12/17,http://wkdu.org/playlist/47421
Hüsker Dü,Don't Have a Life,Land Speed Record,1982,,,Talk of the Town on Sun 11/12/17,http://wkdu.org/playlist/47421
N.O.T.A.,Self Destruct,None of the Above,1985,,,Talk of the Town on Sun 11/12/17,http://wkdu.org/playlist/47421
Pure Hell,I Feel Bad,Noise Addiction,2006,,✔,Talk of the Town on Sun 11/12/17,http://wkdu.org/playlist/47421
Kaleidoscope,Looking Glass,Steps Through The Looking Glass,2015,,,Talk of the Town on Sun 11/12/17,http://wkdu.org/playlist/47421
Poison Idea,Feel the Darkness,Feel the Darkness,1990,,,Talk of the Town on Sun 11/12/17,http://wkdu.org/playlist/47421
Neophobe,Climbing the Walls,S/T,2017,,✔,Talk of the Town on Sun 11/12/17,http://wkdu.org/playlist/47421
ISS,Still Puttin' On The Blitz,(Endless Pussyfooting),2017,,,Talk of the Town on Sun 11/12/17,http://wkdu.org/playlist/47421
The Cravats,Rub Me Out,Rub Me Out,1982,,,Talk of the Town on Sun 11/12/17,http://wkdu.org/playlist/47421
Taiwan Housing Project,Salt Sugar Fire + Authentic Alien Perfume,Veblen Death Mask,2017,✔,✔,1100ccs of Hate covered by yoni191 on Sun 11/12/17,http://wkdu.org/playlist/47420
8 Eyed Spy,Lazy in Love,S/T,1997,,,1100ccs of Hate covered by yoni191 on Sun 11/12/17,http://wkdu.org/playlist/47420
Shellshag,Hello My Name Is,More Survival Tips from the Bay,2017,,,1100ccs of Hate covered by yoni191 on Sun 11/12/17,http://wkdu.org/playlist/47420
The Low Budgets,Born Before the Internet,Go For Broke,2003,,✔,1100ccs of Hate covered by yoni191 on Sun 11/12/17,http://wkdu.org/playlist/47420
The Dicks,No Nazi's Friend,Dicks 1980-1986,1987,,,1100ccs of Hate covered by yoni191 on Sun 11/12/17,http://wkdu.org/playlist/47420
The Invasive Species,Vampire,S/T,2015,,✔,1100ccs of Hate covered by yoni191 on Sun 11/12/17,http://wkdu.org/playlist/47420
Swearin',Kenosha,S/T,2002,,✔,1100ccs of Hate covered by yoni191 on Sun 11/12/17,http://wkdu.org/playlist/47420
My Dad Is Dead,Play the Game,"For Richer, For Poorer",1995,,,1100ccs of Hate covered by yoni191 on Sun 11/12/17,http://wkdu.org/playlist/47420
Kevin Morby,Baltimore (Sky At Night),b/w Baltimore (County Line) - Single,,,,Independent Clause on Mon 11/13/17,http://wkdu.org/playlist/47422
Feist,1234,The Reminder,,,,Independent Clause on Mon 11/13/17,http://wkdu.org/playlist/47422
Superet,Loving the Animal,Superet - EP,,,,Independent Clause on Mon 11/13/17,http://wkdu.org/playlist/47422
Sufjan Stevens,Mystery of Love,Call Me By Your Name (Original Motion Picture Sountrack),,,,Independent Clause on Mon 11/13/17,http://wkdu.org/playlist/47422
Maximo Park,"Get High (No, I Don't)",Risk to Exist (Deluxe),,✔,,Independent Clause on Mon 11/13/17,http://wkdu.org/playlist/47422
Beck,I'm So Free,Colors,,,,Independent Clause on Mon 11/13/17,http://wkdu.org/playlist/47422
Lo Moon,This Is It,This Is It - Single,,,,Independent Clause on Mon 11/13/17,http://wkdu.org/playlist/47422
St. Vincent,Masseduction,Masseduction,,✔,,Independent Clause on Mon 11/13/17,http://wkdu.org/playlist/47422
The National,Nobody Else Will Be There,Sleep Well Beast,,✔,,Independent Clause on Mon 11/13/17,http://wkdu.org/playlist/47422
Yellow Days,Nothing's Going to Keep Me Down,Nothing's Going to Keep Me Down - Single,,,,Independent Clause on Mon 11/13/17,http://wkdu.org/playlist/47422
Brian Fallon,Forget Me Not,Forget Me Not - Single,,,,Independent Clause on Mon 11/13/17,http://wkdu.org/playlist/47422
The Shins,Simple Song,Port of Morrow,,,,Independent Clause on Mon 11/13/17,http://wkdu.org/playlist/47422
Jake Bugg,Waiting (ft. Noah Cyrus),Hearts That Strain,,,,Independent Clause on Mon 11/13/17,http://wkdu.org/playlist/47422
Feel It All Around,Life of Leisure - EP,Washed Out,,,,Independent Clause on Mon 11/13/17,http://wkdu.org/playlist/47422
The Troggs,Our Love Will Still Be There,EARLY RECORDINGS,The Troggs,,,Gallimaufry on Mon 11/13/17,http://wkdu.org/playlist/47424
The Gun Club,The Breaking Hands,MOTHER JUNO,Sympathy For The Record Industry,,,Gallimaufry on Mon 11/13/17,http://wkdu.org/playlist/47424
The Monkees,You Just May Be The One,THE BEST OF THE MONKEES,Rhino Records,,,Gallimaufry on Mon 11/13/17,http://wkdu.org/playlist/47424
O My Soul,Big Star,NOBODY CAN DANCE,Norton Records,,,Gallimaufry on Mon 11/13/17,http://wkdu.org/playlist/47424
Lost Balloons,Pant,HEY SUMMER,Dirtnap Records,,,Gallimaufry on Mon 11/13/17,http://wkdu.org/playlist/47424
Barbara Lynn,(I Cried At) Laura's Wedding,THE JAMIE SINGLES COLLECTION 1962-1965,Jamie Record Co.,,,Gallimaufry on Mon 11/13/17,http://wkdu.org/playlist/47424
Zig Zags,The Fog,ZIG ZAGS,In The Red,,,Gallimaufry on Mon 11/13/17,http://wkdu.org/playlist/47424
Hothead,Snake Song,"7""",Richie Records,✔,✔,Gallimaufry on Mon 11/13/17,http://wkdu.org/playlist/47424
Church Girls,Better Off,HIDALGO,Church Girls,✔,✔,Gallimaufry on Mon 11/13/17,http://wkdu.org/playlist/47424
Lambchop,Your F*cking Sunny Day,OLD ENOUGH TO KNOW BETTER CD 1,Merge Records,,,Gallimaufry on Mon 11/13/17,http://wkdu.org/playlist/47424
Birds,Scatter,EVERYTHING ALL AT ONCE,Greenway Records,✔,,Gallimaufry on Mon 11/13/17,http://wkdu.org/playlist/47424
Ego Summit,Illogical,THE ROOM ISN'T BIG ENOUGH,Old 3c Records,,,Gallimaufry on Mon 11/13/17,http://wkdu.org/playlist/47424
Witch,Like a Chicken,WITCH: WE INTEND TO CAUSE HAVOC!,Now Again Records,,,Gallimaufry on Mon 11/13/17,http://wkdu.org/playlist/47424
Pan & Regaliz,Waiting In the Monsters Garden,PAN & REGALIZ,Ekipo,,,Gallimaufry on Mon 11/13/17,http://wkdu.org/playlist/47424
Legendary Pink Dots,Blasto,FACES IN THE FIRE,Soleilmoon Recordings,,,Gallimaufry on Mon 11/13/17,http://wkdu.org/playlist/47424
The Pineapples,Surfsonic,"7""",Wicked Ape,✔,,Gallimaufry on Mon 11/13/17,http://wkdu.org/playlist/47424
Harry Nilsson,Cuddly Toy,THE ESSENTIAL NILSSON,Cuddly Toy,,,Gallimaufry on Mon 11/13/17,http://wkdu.org/playlist/47424
The Monkees,Cuddly Toy,"PISCES, AQUARIUS, CAPRICORN & JONES LTD.",Rhino,,,Gallimaufry on Mon 11/13/17,http://wkdu.org/playlist/47424
Dwight Twilley,Looking For The Magic,TWILLEY DON'T MIND,Capitol Records,,,Gallimaufry on Mon 11/13/17,http://wkdu.org/playlist/47424
Duds,Irregular Patterns,OF A NATURE OR DEGREE,Castle Face,✔,,Gallimaufry on Mon 11/13/17,http://wkdu.org/playlist/47424
Writhing Squares Too,Victory for Womankind,"7""",Richie Records,✔,✔,Gallimaufry on Mon 11/13/17,http://wkdu.org/playlist/47424
Mott the Hoople,Whisky Women,RHINO HI-FIVE: MOTT THE HOOPLE,Rhino Atlantic,,,Gallimaufry on Mon 11/13/17,http://wkdu.org/playlist/47424
Chicano Batman,Jealousy,FREEDOM IS FREE,Ato Records,,,Gallimaufry on Mon 11/13/17,http://wkdu.org/playlist/47424
Willie Lindo,Samba Pati,FAR AND DISTANT,Dub Store Records,,,Gallimaufry on Mon 11/13/17,http://wkdu.org/playlist/47424
Wreckless Eric,Excuse Me,BIG SMASH,Stiff,,,Gallimaufry on Mon 11/13/17,http://wkdu.org/playlist/47424
JD McPherson,Under The Spell of City Lights,UNDIVIDED HEART & SOUL,ADA US,✔,,Gallimaufry on Mon 11/13/17,http://wkdu.org/playlist/47424
The Handsome Family,Amelia Earhart vs. The Dancig Bear,MILK AND SCISSORS,Carrot Top Records,,,Gallimaufry on Mon 11/13/17,http://wkdu.org/playlist/47424
Melkbelly,Off the Lot,NOTHING VALLEY,Wax Nine Records,✔,,Gallimaufry on Mon 11/13/17,http://wkdu.org/playlist/47424
Girlpool,Before The World Was Big,BEFORE THE WORLD WAS BIG,Wichita Recordings,,,Gallimaufry on Mon 11/13/17,http://wkdu.org/playlist/47424
The dB's,Before We Were Born,FALLING OFF THE SKY,Bar/None Records,,,Gallimaufry on Mon 11/13/17,http://wkdu.org/playlist/47424
Luke Elliott,The Great Rondout Train Robberty,DRESSED FOR THE OCCASION,Jullian Records,,,Gallimaufry on Mon 11/13/17,http://wkdu.org/playlist/47424
The Feelies,Away,Only Life,,,,Dial Error on Mon 11/13/17,http://wkdu.org/playlist/47423
Black Tambourine,Heartbeat,Black Tambourine,,,,Dial Error on Mon 11/13/17,http://wkdu.org/playlist/47423
Sue Landers,It Hurts Too Much To Laugh,"It Hurts Too Much To Laugh/Lonely Sunday Night 7""",,,,Dial Error on Mon 11/13/17,http://wkdu.org/playlist/47423
Eula Cooper,Let Our Love Grow Higher,Eccentric Soul: The Tragar and Note Labels,,,,Dial Error on Mon 11/13/17,http://wkdu.org/playlist/47423
Hospitality,Sleepover,Hospitality,,,,Dial Error on Mon 11/13/17,http://wkdu.org/playlist/47423
Suicide,"Diamonds, Fur Coat, Champagne",Suicide,,,,Dial Error on Mon 11/13/17,http://wkdu.org/playlist/47423
Algebra Suicide,Heat Wave,The Secret Like Crazy,,,,Dial Error on Mon 11/13/17,http://wkdu.org/playlist/47423
Hothead,Snake Song,Summer Single Series 2017,,✔,✔,Dial Error on Mon 11/13/17,http://wkdu.org/playlist/47423
Mary Timony,All Dressed Up in Dreams,Wasps' Nests,,,,Dial Error on Mon 11/13/17,http://wkdu.org/playlist/47423
Grouper,Disengaged,Dragging A Dead Deer Up a Hill,,,,Dial Error on Mon 11/13/17,http://wkdu.org/playlist/47423
Grouper,Heavy Water/I'd Rather Be Sleeping,Dragging a Dead Deer Up a Hill,,,,Dial Error on Mon 11/13/17,http://wkdu.org/playlist/47423
Alvvays,In Undertow,Antisocialites,,✔,,Dial Error on Mon 11/13/17,http://wkdu.org/playlist/47423
Mark Mulcahy,Fathering,Fathering,,,,Dial Error on Mon 11/13/17,http://wkdu.org/playlist/47423
Ssupertasterr,Coffin Blood,,request,,✔,Dial Error on Mon 11/13/17,http://wkdu.org/playlist/47423
Bully,Feel the Same,Losing,,✔,,Dial Error on Mon 11/13/17,http://wkdu.org/playlist/47423
Deep Time,Homebody,Deep Time,,,,Dial Error on Mon 11/13/17,http://wkdu.org/playlist/47423
ESG,Like This,A South Bronx Story,,,,Dial Error on Mon 11/13/17,http://wkdu.org/playlist/47423
OMNI,First Degree,Multitask,,✔,,Dial Error on Mon 11/13/17,http://wkdu.org/playlist/47423
Institute,Immorality,"Salt 7""",,,,Dial Error on Mon 11/13/17,http://wkdu.org/playlist/47423
Marbled Eye,Numb,Marbled Eye,,,,Dial Error on Mon 11/13/17,http://wkdu.org/playlist/47423
Dead Moon,Crystal Is Falling,Defiance,,,,Dial Error on Mon 11/13/17,http://wkdu.org/playlist/47423
Kevin Coyne and Dagmar Krause,Dead Dying Gone,Babble,,,,Dial Error on Mon 11/13/17,http://wkdu.org/playlist/47423
Protex,I Can't Cope,All We Wanna Do Is Rock'n'Roll,,,,Dial Error on Mon 11/13/17,http://wkdu.org/playlist/47423
Nature Boys,Scum Like Us,Nature Boys 3 LP,,,,Dial Error on Mon 11/13/17,http://wkdu.org/playlist/47423
Vexx,Strength,Vexx,,,,Dial Error on Mon 11/13/17,http://wkdu.org/playlist/47423
Glazer,Disaster Footage,On a Prairie Live in the Dirt,,,,Dial Error on Mon 11/13/17,http://wkdu.org/playlist/47423
X,Adult Books,Los Angeles,,,,Dial Error on Mon 11/13/17,http://wkdu.org/playlist/47423
Purple 7,Winds of the Weekend,Volume One,,,,Dial Error on Mon 11/13/17,http://wkdu.org/playlist/47423
Etta Baker,Going to the Racetrack,One Dime Blues,,,,Dial Error on Mon 11/13/17,http://wkdu.org/playlist/47423
Lower Dens,Brains,Brains/Propagation,,,,Dial Error on Mon 11/13/17,http://wkdu.org/playlist/47423
Sylvan LaCue,best me,,,,,Open air on Mon 11/13/17,http://wkdu.org/playlist/47425
sky blew,blew skylight,,,,,Open air on Mon 11/13/17,http://wkdu.org/playlist/47425
SZA,2 am,,,,,Open air on Mon 11/13/17,http://wkdu.org/playlist/47425
TUT,Kairos Trip,Preacher's Son,,,,Open air on Mon 11/13/17,http://wkdu.org/playlist/47425
secret cirlce,sattelite,,,,,Open air on Mon 11/13/17,http://wkdu.org/playlist/47425
Criminal Mafia,Action Figure,Memphis Sound,,,,Open air on Mon 11/13/17,http://wkdu.org/playlist/47425
Children of the Corn,Children of the Corn,Memphis Sound,,,,Open air on Mon 11/13/17,http://wkdu.org/playlist/47425
Mick Jenkins,The Water,,,,,Open air on Mon 11/13/17,http://wkdu.org/playlist/47425
Sugg Savage,Party Dawg,,,,,Open air on Mon 11/13/17,http://wkdu.org/playlist/47425
zuluzuluu,whats the price,,,,,Open air on Mon 11/13/17,http://wkdu.org/playlist/47425
The Bul Bey,Phenomonal (feat. Verbatum Jones),,,,✔,Open air on Mon 11/13/17,http://wkdu.org/playlist/47425
nah,submission,,,,✔,Open air on Mon 11/13/17,http://wkdu.org/playlist/47425
nmamdi ogbonnaya,let go of my ego,,,,,Open air on Mon 11/13/17,http://wkdu.org/playlist/47425
Healy,Grape Soda,,,,,Open air on Mon 11/13/17,http://wkdu.org/playlist/47425
Oddisee,Slow Groove,Alwasta,Mellow Music Group,,,Open air on Mon 11/13/17,http://wkdu.org/playlist/47425
Sudo Williams,Caterpillar Motion,Me You & Them,N/A,✔,✔,Open air on Mon 11/13/17,http://wkdu.org/playlist/47425
Duece Da God,Still Up,,,,✔,Open air on Mon 11/13/17,http://wkdu.org/playlist/47425
Fortune West,12 4 12 (feat. Sudo Williams,,,,✔,Open air on Mon 11/13/17,http://wkdu.org/playlist/47425
Destiny X,Scorpio,,,,,Open air on Mon 11/13/17,http://wkdu.org/playlist/47425
Rockers Hi-Fi,Push Push,,,,,Open air on Tue 11/14/17,http://wkdu.org/playlist/47426
Antisocialites,Plimsoll Punks,Alvvays,,✔,,Open air on Tue 11/14/17,http://wkdu.org/playlist/47426
Sandals,FEET (Dust Bros Mix),FEET PROMO,,,,Open air on Tue 11/14/17,http://wkdu.org/playlist/47426
Fujiya + Miyagi,Serotonin Rushes,Fujiya + Miyagi,,✔,,Open air on Tue 11/14/17,http://wkdu.org/playlist/47426
DJ Dan,Put That Record Back On (Peace Division Remix),Put That Record Back On Remixes,,,,Open air on Tue 11/14/17,http://wkdu.org/playlist/47426
Bjork,Headphones (acapella),,,,,Open air on Tue 11/14/17,http://wkdu.org/playlist/47426
Denise Lopez,Too Much Too Late (Too Much of That Dub),Paybacks Are Hell,,,,Open air on Tue 11/14/17,http://wkdu.org/playlist/47426
Apollo Smile,Dune Buggy,Dune Buggy,,,,Open air on Tue 11/14/17,http://wkdu.org/playlist/47426
Fujiya + Miyagi,Swoon,Fujiya + Miyagi,,,,Open air on Tue 11/14/17,http://wkdu.org/playlist/47426
Reggae Philharmonic Orchestra,"Work, Eat, Sleep",Reggae Philharmonic Orchestra,,,,Open air on Tue 11/14/17,http://wkdu.org/playlist/47426
Com Truise,...Of Your Fake Dimension,Iteration,,✔,,Open air on Tue 11/14/17,http://wkdu.org/playlist/47426
Reggae Philharmonic Orchestra,Best Friend,Reggae Philharmonic Orchestra,,,,Open air on Tue 11/14/17,http://wkdu.org/playlist/47426
Com Truise,Memory,Iteration,,✔,,Open air on Tue 11/14/17,http://wkdu.org/playlist/47426
Booker T. And The MGS,Green Onions,Green Onions,,,,Open air on Tue 11/14/17,http://wkdu.org/playlist/47426
Richard Walters,All At Sea,The Animal,,✔,,Open air on Tue 11/14/17,http://wkdu.org/playlist/47426
Red Martian,Retrailing,Retrailing,,✔,,Open air on Tue 11/14/17,http://wkdu.org/playlist/47426
Cut Copy,Memories We Share,Haiku From Zero,,✔,,Open air on Tue 11/14/17,http://wkdu.org/playlist/47426
Red Martian,Bedovande En Oversvamning,Retrailing,,✔,,Open air on Tue 11/14/17,http://wkdu.org/playlist/47426
Soulwax,The Singer Has Become A DJ,From Dewee,,,,Open air on Tue 11/14/17,http://wkdu.org/playlist/47426
Washed Out,Burn Out Blues,Mister Mellow,,✔,,Open air on Tue 11/14/17,http://wkdu.org/playlist/47426
Todd Terje,Kul I Pul,Mjondalen Diskoklubb,,,,Open air on Tue 11/14/17,http://wkdu.org/playlist/47426
Washed Out,Hard To Say Goodbye,Mister Mellow,,✔,,Open air on Tue 11/14/17,http://wkdu.org/playlist/47426
Mano Le Tough,Big Words From The Small Mouth,Arganol 'N' All,,,,Open air on Tue 11/14/17,http://wkdu.org/playlist/47426
Wild Cub,Magic,Closer,,✔,,Open air on Tue 11/14/17,http://wkdu.org/playlist/47426
Bicep,Aura,Aura,,,,Open air on Tue 11/14/17,http://wkdu.org/playlist/47426
Jim-E Stack,I Did The Best I Could,It's Jim-Ee,,✔,,Open air on Tue 11/14/17,http://wkdu.org/playlist/47426
Dark Sky,Ruk,Modeselektor Presents...,,,,Open air on Tue 11/14/17,http://wkdu.org/playlist/47426
Chassol,Samak,Big Sun,,✔,,Open air on Tue 11/14/17,http://wkdu.org/playlist/47426
Tiga,Plush (Jacques Lu Cont Remix),Plush,,,,Open air on Tue 11/14/17,http://wkdu.org/playlist/47426
Rival Consoles,Ghosting,Howl,,,,Open air on Tue 11/14/17,http://wkdu.org/playlist/47426
Dj Flugvel Og Geimskip,Ledurblokudans,Made in Iceland Vol. 8,,✔,,Open air on Tue 11/14/17,http://wkdu.org/playlist/47426
Pole,45/45,45/45 LP,,,,Open air on Tue 11/14/17,http://wkdu.org/playlist/47426
Wavo,Real Life Instrumental,Real Life,,,,Open air on Tue 11/14/17,http://wkdu.org/playlist/47426
Air,Le Soleil Est Pres De Moi,twentyears,,,,Open air on Tue 11/14/17,http://wkdu.org/playlist/47426
ambrosia,time waits for no one,,,,,Flaming Arrow on Tue 11/14/17,http://wkdu.org/playlist/47428
incredible string band,cousin catapillar,,,,,Flaming Arrow on Tue 11/14/17,http://wkdu.org/playlist/47428
argent,hold your head up,,,,,Flaming Arrow on Tue 11/14/17,http://wkdu.org/playlist/47428
fairport convention,who knows where the time goes,,,,,Flaming Arrow on Tue 11/14/17,http://wkdu.org/playlist/47428
incredible string band,will the circle remain unbroken,,,,,Flaming Arrow on Tue 11/14/17,http://wkdu.org/playlist/47428
pentangle,sweet child,,,,,Flaming Arrow on Tue 11/14/17,http://wkdu.org/playlist/47428
oh sees,keys to the castle,,,✔,,Flaming Arrow on Tue 11/14/17,http://wkdu.org/playlist/47428
echolt,II,volva,,,,Flaming Arrow on Tue 11/14/17,http://wkdu.org/playlist/47428
laure briard,sorcellerie,,,,,Flaming Arrow on Tue 11/14/17,http://wkdu.org/playlist/47428
witch,seer,,,,,Flaming Arrow on Tue 11/14/17,http://wkdu.org/playlist/47428
witch,black saint,,,,,Flaming Arrow on Tue 11/14/17,http://wkdu.org/playlist/47428
oh sees,paranoise,,,✔,,Flaming Arrow on Tue 11/14/17,http://wkdu.org/playlist/47428
myrkur,ulvinde,,,✔,,Flaming Arrow on Tue 11/14/17,http://wkdu.org/playlist/47428
my neons dead,window eye,,,✔,,Flaming Arrow on Tue 11/14/17,http://wkdu.org/playlist/47428
myrkur,funeral,,,✔,,Flaming Arrow on Tue 11/14/17,http://wkdu.org/playlist/47428
silent caravan,kali yuga,,,,,Flaming Arrow on Tue 11/14/17,http://wkdu.org/playlist/47428
myrkur,death of days,,,✔,,Flaming Arrow on Tue 11/14/17,http://wkdu.org/playlist/47428
my neons dead,lady liberty,,,✔,,Flaming Arrow on Tue 11/14/17,http://wkdu.org/playlist/47428
marika hackman,boyfreind,,,✔,,Flaming Arrow on Tue 11/14/17,http://wkdu.org/playlist/47428
orb,o.r.b,,,✔,,Flaming Arrow on Tue 11/14/17,http://wkdu.org/playlist/47428
primitive man,caustic,,,✔,,Flaming Arrow on Tue 11/14/17,http://wkdu.org/playlist/47428
orb,flying sorcerer,,,✔,,Flaming Arrow on Tue 11/14/17,http://wkdu.org/playlist/47428
primitive man,ash,,,✔,,Flaming Arrow on Tue 11/14/17,http://wkdu.org/playlist/47428
orb,rainbows end,,,✔,,Flaming Arrow on Tue 11/14/17,http://wkdu.org/playlist/47428
King Gizzard & The Lizard Wizard,Crumbling Castle,Polygondwanaland,,,,Double Hockey Sticks on Tue 11/14/17,http://wkdu.org/playlist/47429
Bolt Thrower,All That Remains,Realm of Chaos,,,,Double Hockey Sticks on Tue 11/14/17,http://wkdu.org/playlist/47429
Pissgrave,Mass Cremation,Suicide Euphoria,,,✔,Double Hockey Sticks on Tue 11/14/17,http://wkdu.org/playlist/47429
Venom Prison,Immanentize Eschaton,Animus,,,,Double Hockey Sticks on Tue 11/14/17,http://wkdu.org/playlist/47429
Impaled,Back to the Grave,The Dead Still Dead Remain,,,,Double Hockey Sticks on Tue 11/14/17,http://wkdu.org/playlist/47429
Power Trip,Executioner's Tax,Nightmare Logic,,✔,,Double Hockey Sticks on Tue 11/14/17,http://wkdu.org/playlist/47429
Gwar,El Presidente,The Blood of Gods,,,,Double Hockey Sticks on Tue 11/14/17,http://wkdu.org/playlist/47429
Dead Cross,Obedience School,Dead Cross,,✔,,Double Hockey Sticks on Tue 11/14/17,http://wkdu.org/playlist/47429
Fuzz,Jack the Maggot,II,,,,Double Hockey Sticks on Tue 11/14/17,http://wkdu.org/playlist/47429
Elephant Tree,Aphotic Blues,Elephant Tree,,,,Double Hockey Sticks on Tue 11/14/17,http://wkdu.org/playlist/47429
Speedwolf,Never Twice,Ride With Death,,,,Double Hockey Sticks on Tue 11/14/17,http://wkdu.org/playlist/47429
Cannabis Corpse,Grass Oblit,Left Hand Pass,,,,Double Hockey Sticks on Tue 11/14/17,http://wkdu.org/playlist/47429
Ghoul,Blood and Guts,Dungeon Bastards,,✔,,Double Hockey Sticks on Tue 11/14/17,http://wkdu.org/playlist/47429
Ghoul,Blood Feast,Transmission Zero,,,,Double Hockey Sticks on Tue 11/14/17,http://wkdu.org/playlist/47429
Insect Warfare,Manipulator,World Extermination,,,,Double Hockey Sticks on Tue 11/14/17,http://wkdu.org/playlist/47429
Decapitated,The Blasphemous Psalm to the Dummy God of Creation,Blood Mantra,,,,Double Hockey Sticks on Tue 11/14/17,http://wkdu.org/playlist/47429
King Tuff,Headbanger,Black moon spell,,,,Double Hockey Sticks on Tue 11/14/17,http://wkdu.org/playlist/47429
White Fang,Tear it up,Chunks,,,,Double Hockey Sticks on Tue 11/14/17,http://wkdu.org/playlist/47429
Code Orange,Kill the Creator,Forever,,✔,,Double Hockey Sticks on Tue 11/14/17,http://wkdu.org/playlist/47429
Haggus,Razor Sharp Haggus,The Masked Mincer,,,,Double Hockey Sticks on Tue 11/14/17,http://wkdu.org/playlist/47429
Agathocles,A for Arogance,Razor Sharp Daggers,,,,Double Hockey Sticks on Tue 11/14/17,http://wkdu.org/playlist/47429
Zig Zags,The Sadist,Running out of Red,,,,Double Hockey Sticks on Tue 11/14/17,http://wkdu.org/playlist/47429
Impaled,We Belong Dead,Mondo Medicale,,,,Double Hockey Sticks on Tue 11/14/17,http://wkdu.org/playlist/47429
Necrot,Rather be Dead,Blood Offerings,,✔,,Double Hockey Sticks on Tue 11/14/17,http://wkdu.org/playlist/47429
Exhumed,Defenders of the Grave,Death Revenge,,✔,,Double Hockey Sticks on Tue 11/14/17,http://wkdu.org/playlist/47429
Death,Left to Die,Leprosy,,,,Double Hockey Sticks on Tue 11/14/17,http://wkdu.org/playlist/47429
Zig Zags,Lizard Music,Running out of Red,,,,Double Hockey Sticks on Tue 11/14/17,http://wkdu.org/playlist/47429
Slayer,Raining Blood (8-bit version),Reign in Blood,,,,Double Hockey Sticks on Tue 11/14/17,http://wkdu.org/playlist/47429
Dan Blacksberg,Buhusher Khosid Pt. 1,Radiant Others,,✔,✔,Idle Noise on Wed 11/15/17,http://wkdu.org/playlist/47432
Dan Blacksberg,Buhusher Khosid Pt. 2,Radiant Others,,✔,✔,Idle Noise on Wed 11/15/17,http://wkdu.org/playlist/47432
Pauline Anna Strom,Morning Splendor,Trans Millenia Music,RVNG,,,Idle Noise on Wed 11/15/17,http://wkdu.org/playlist/47432
Ka Baird,Oneiric,Sapropelic Pycnic,Drag City,,,Idle Noise on Wed 11/15/17,http://wkdu.org/playlist/47432
Jimmy Reed,Go on to School,"7""",Vee Jay Records,,,Idle Noise on Wed 11/15/17,http://wkdu.org/playlist/47432
Jack Cooper,Gynn Square,Sandgrown,Trouble in Mind,✔,,Idle Noise on Wed 11/15/17,http://wkdu.org/playlist/47432
Pascal Comelade + Les Limananas,One of Us One of Us One of Us,The Nothing Twist,Trouble in Mind,,,Idle Noise on Wed 11/15/17,http://wkdu.org/playlist/47432
Dan Melchior + Spray Paint,It's a Natural Low,Contributors,Monofonous Press,,,Idle Noise on Wed 11/15/17,http://wkdu.org/playlist/47432
Permahorn,My Blood Carries My Dreams  Away,My Blood Carries My Dreams Away,Shimmy 500,,,Idle Noise on Wed 11/15/17,http://wkdu.org/playlist/47432
Chris Forsyth & The Solar Motel Band,Have We Mistaken The Bottle For The Whiskey Inside?,Dreaming in the Non-Dream,No Quarter,,✔,Idle Noise on Wed 11/15/17,http://wkdu.org/playlist/47432
Bardo Pond,Just Once,Bardo Pond,Fire Records,,✔,Idle Noise on Wed 11/15/17,http://wkdu.org/playlist/47432
Shilpa Ray,EMT POLICE THE FIRE DEPARTMENT,Door Girl,Northern Spy,✔,,Idle Noise on Wed 11/15/17,http://wkdu.org/playlist/47432
Protomartyr,Windsor Hum,Relatives In Descent,,✔,,Idle Noise on Wed 11/15/17,http://wkdu.org/playlist/47432
Headroom,The Second Blazing Star,Head In the Clouds,,✔,,Idle Noise on Wed 11/15/17,http://wkdu.org/playlist/47432
Lee Ranaldo,Circular (Right As Rain),Electric Trim,,✔,,Idle Noise on Wed 11/15/17,http://wkdu.org/playlist/47432
Stinking Lizaveta,Democracy vs the Machine,7th Direction,,,✔,Idle Noise on Wed 11/15/17,http://wkdu.org/playlist/47432
Lung,Stranger,Bottom of the Barrel,,,,Idle Noise on Wed 11/15/17,http://wkdu.org/playlist/47432
Preen,She Has A Plan For Me,,,,✔,Idle Noise on Wed 11/15/17,http://wkdu.org/playlist/47432
The Skull Defekts,Children of the Skull Defekts,2013-3012,,,,Idle Noise on Wed 11/15/17,http://wkdu.org/playlist/47432
Soars,Ditches,Soars,,,,Idle Noise on Wed 11/15/17,http://wkdu.org/playlist/47432
Spacemen 3,Revolution,Playing With Fire,,,,Idle Noise on Wed 11/15/17,http://wkdu.org/playlist/47432
Stepping Razor,Hardline,No Mo Shakes,,,✔,Idle Noise on Wed 11/15/17,http://wkdu.org/playlist/47432
gSp,Social Death,"12""",,,,Idle Noise on Wed 11/15/17,http://wkdu.org/playlist/47432
Bongripper,Hate Ashbury pt IV,Hate Ashbury,,,,Bleeder Radio on Wed 11/15/17,http://wkdu.org/playlist/47433
Alice In Chains,All Secrets Known,Black Gives Way To Blue,,,,Bleeder Radio on Wed 11/15/17,http://wkdu.org/playlist/47433
The Body & Thou,The Devils Of Trust Steal The Souls Of The Free,"Released From Love / You, Whom I Have Always Hated",,,,Bleeder Radio on Wed 11/15/17,http://wkdu.org/playlist/47433
Bad Acid Trip,Con vs. Chem,Worship Of Fear,,,,Bleeder Radio on Wed 11/15/17,http://wkdu.org/playlist/47433
Buckethead,Funbus,Enter The Chicken,,,,Bleeder Radio on Wed 11/15/17,http://wkdu.org/playlist/47433
Caninus,Alien Report,Split w/ Cattle Decapitation,,,,Bleeder Radio on Wed 11/15/17,http://wkdu.org/playlist/47433
Car Bomb,Rid,Centralia,,,,Bleeder Radio on Wed 11/15/17,http://wkdu.org/playlist/47433
System Of A Down,36,Steal This Album!,,,,Bleeder Radio on Wed 11/15/17,http://wkdu.org/playlist/47433
Infant Annihiliator,Neonatalimpalionecrophiliation,The Elysian Grandeval Galèriarch,,,,Bleeder Radio on Wed 11/15/17,http://wkdu.org/playlist/47433
The Black Dahlia Murder,Den Of The Picquerist,Ritual,,,,Bleeder Radio on Wed 11/15/17,http://wkdu.org/playlist/47433
Blotted Science,Oscillation Cycles,The Machinations Of Dementia,,,,Bleeder Radio on Wed 11/15/17,http://wkdu.org/playlist/47433
Decrepit Birth,The Sacred Geometry,Axis Mundi,,,,Bleeder Radio on Wed 11/15/17,http://wkdu.org/playlist/47433
The Haunted,The Medusa,The Dead Eye,,,,Bleeder Radio on Wed 11/15/17,http://wkdu.org/playlist/47433
Amorphis,White Night,Under The Red Cloud,,,,Bleeder Radio on Wed 11/15/17,http://wkdu.org/playlist/47433
Myrkur,Måneblôt,Mareidt,,✔,,Bleeder Radio on Wed 11/15/17,http://wkdu.org/playlist/47433
Thy Catafalque,Jura,Sgùrr,,,,Bleeder Radio on Wed 11/15/17,http://wkdu.org/playlist/47433
Cynic,How Could I,Focus,,,,Bleeder Radio on Wed 11/15/17,http://wkdu.org/playlist/47433
Animals As Leaders,Isolated Incidents,Weightless,,,,Bleeder Radio on Wed 11/15/17,http://wkdu.org/playlist/47433
Primitive Man,My Will,Caustic,,✔,,Bleeder Radio on Wed 11/15/17,http://wkdu.org/playlist/47433
Portal,The Black Wards,Vexovoid,,,,Bleeder Radio on Wed 11/15/17,http://wkdu.org/playlist/47433
Incantation,Rites Of The Locust,Profane Nexus,,✔,,Bleeder Radio on Wed 11/15/17,http://wkdu.org/playlist/47433
Skeletonwitch,Burned From Bone,Serpents Unleashed,,,,Bleeder Radio on Wed 11/15/17,http://wkdu.org/playlist/47433
Battlemaster,The Mindflayer's Addiction,Warthirsting and Winterbound,,,,Bleeder Radio on Wed 11/15/17,http://wkdu.org/playlist/47433
Exhumed,Night Work,Death Revenge,,✔,,Bleeder Radio on Wed 11/15/17,http://wkdu.org/playlist/47433
Psyopus,Mannequin,Ideas Of Reference,,,,Bleeder Radio on Wed 11/15/17,http://wkdu.org/playlist/47433
Dead Cross,Shillelagh,Dead Cross,,✔,,Bleeder Radio on Wed 11/15/17,http://wkdu.org/playlist/47433
The Casualties,Unknown Soldier,On The Front Line,,,,Bleeder Radio on Wed 11/15/17,http://wkdu.org/playlist/47433
Mustard Plug,Brain On Ska,Masterpieces,,,,Your Brain On Ska on Wed 11/15/17,http://wkdu.org/playlist/47437
The Skatalites,The Guns Of Navarone,Hi Bop Ska,,,,Your Brain On Ska on Wed 11/15/17,http://wkdu.org/playlist/47437
The Gladiators,Backyard Meditation,Sweet So Till,,,,Your Brain On Ska on Wed 11/15/17,http://wkdu.org/playlist/47437
Mad Caddies,Backyard,Keep It Going,,,,Your Brain On Ska on Wed 11/15/17,http://wkdu.org/playlist/47437
Jazz Jamaica,Bemsha Swing,Blue Note Blue Beat,,,,Your Brain On Ska on Wed 11/15/17,http://wkdu.org/playlist/47437
Easy Star All Stars,Everybody Wants To Be A Cat,Disney Reggae Club,,,,Your Brain On Ska on Wed 11/15/17,http://wkdu.org/playlist/47437
Madness,The Prince,One Step Beyond,,,,Your Brain On Ska on Wed 11/15/17,http://wkdu.org/playlist/47437
Symarip,Skinhead Moonstomp,,Request,,,Your Brain On Ska on Wed 11/15/17,http://wkdu.org/playlist/47437
"Aston ""Family Man"" Barret",Pleasing Dub,,,,,Your Brain On Ska on Wed 11/15/17,http://wkdu.org/playlist/47437
Edi Fitzroy,Princess Black,,,,,Your Brain On Ska on Wed 11/15/17,http://wkdu.org/playlist/47437
The Insteps,Don't Ask,Eleven Steps To Power,,,,Your Brain On Ska on Wed 11/15/17,http://wkdu.org/playlist/47437
Calzones Rotos,Reggae Del Mundo Moderno,Latin Ska,,,,Your Brain On Ska on Wed 11/15/17,http://wkdu.org/playlist/47437
Auxili,Rude Girl,Dolc Atac,,,,Your Brain On Ska on Wed 11/15/17,http://wkdu.org/playlist/47437
Jump For Joey,Move Your Body,Generations United,,,,Your Brain On Ska on Wed 11/15/17,http://wkdu.org/playlist/47437
Reggae Philharmonic Orchestra,Scrounger,Reggae Philharmonic Orchestra,,,,Your Brain On Ska on Wed 11/15/17,http://wkdu.org/playlist/47437
Lenky Roy,Water Come A Me Eye,Rastaman Unity,,,,Your Brain On Ska on Wed 11/15/17,http://wkdu.org/playlist/47437
Tenor Saw,Ring The Alarm,,,,,Your Brain On Ska on Wed 11/15/17,http://wkdu.org/playlist/47437
The Scofflaws,Back Door Open,Ska In Hi-Fi,,,,Your Brain On Ska on Wed 11/15/17,http://wkdu.org/playlist/47437
Scram,Power,Kingsessing Trials,,,,Your Brain On Ska on Wed 11/15/17,http://wkdu.org/playlist/47437
Nitty Gritty,False Alarm,Turbo Charged,,,,Your Brain On Ska on Wed 11/15/17,http://wkdu.org/playlist/47437
Toots And The Maytals,Funky Kingston,Funky Kingston,,,,Your Brain On Ska on Wed 11/15/17,http://wkdu.org/playlist/47437
Lee Scratch Perry Feat. Max Romeo,Chase The Devil Aka Iron Shirt,Super Ape,,,,Your Brain On Ska on Wed 11/15/17,http://wkdu.org/playlist/47437
Lee Scratch Perry,Disco Devil,,,,,Your Brain On Ska on Wed 11/15/17,http://wkdu.org/playlist/47437
Bob Marley And The Wailers,Them Belly Full (But We Hungry),Natty Dread,,,,Your Brain On Ska on Wed 11/15/17,http://wkdu.org/playlist/47437
Fabian Akilles,Comb My Hair,,,,,Your Brain On Ska on Wed 11/15/17,http://wkdu.org/playlist/47437
Sizzla,Be Strong,,,,,Your Brain On Ska on Wed 11/15/17,http://wkdu.org/playlist/47437
Filibuster,Come Get Your Licks,New Ruler And The King,,,,Your Brain On Ska on Wed 11/15/17,http://wkdu.org/playlist/47437
Wisecracker,,,,,,Your Brain On Ska on Wed 11/15/17,http://wkdu.org/playlist/47437
The Insteps,,,,,,Your Brain On Ska on Wed 11/15/17,http://wkdu.org/playlist/47437
Joe Hisashi,Futabi,Spirited Away OST,,,,Snack Time on Wed 11/15/17,http://wkdu.org/playlist/47436
Joji,Will He,,88rising Music,,,Snack Time on Wed 11/15/17,http://wkdu.org/playlist/47436
Saro,Eyelids,Boy Afraid EP,MateoSound,,,Snack Time on Wed 11/15/17,http://wkdu.org/playlist/47436
Hazey Eyes,Skyline,Some Reason EP,Bear and Owl,,,Snack Time on Wed 11/15/17,http://wkdu.org/playlist/47436
keyseeker,memory capsule,Nemuri Winter Vol 2,Nemuri Winter,,,Snack Time on Wed 11/15/17,http://wkdu.org/playlist/47436
Tourist,Apart ft. JONES,Wash EP,Monday Records,,,Snack Time on Wed 11/15/17,http://wkdu.org/playlist/47436
Fever Ray,Wanna Sip,Plunge,Mute,,,Snack Time on Wed 11/15/17,http://wkdu.org/playlist/47436
Baths,Extrasolar,Romaplasm,Anticon,,,Snack Time on Wed 11/15/17,http://wkdu.org/playlist/47436
Nai Palm,Molasses,Needle Paw,Sony Masterworks,,,Snack Time on Wed 11/15/17,http://wkdu.org/playlist/47436
RSXGLD,I Believe ft JMSN,,Fat Beats Records,,,Snack Time on Wed 11/15/17,http://wkdu.org/playlist/47436
mvnners,Louvre,Camden,SXN,,,Snack Time on Wed 11/15/17,http://wkdu.org/playlist/47436
Saro,Boy Afraid,Boy Afraid EP,Mute,,,Snack Time on Wed 11/15/17,http://wkdu.org/playlist/47436
IGLOOGHOST,Kabutomu,Phuture Charity Mixtape,Phuture Collective,,,Snack Time on Wed 11/15/17,http://wkdu.org/playlist/47436
Flume,Heater,,Mom an Pop via Future Classic,,,Snack Time on Wed 11/15/17,http://wkdu.org/playlist/47436
Tokimonsta,We Love ft MNDR,Lune Rouge,,,,Snack Time on Wed 11/15/17,http://wkdu.org/playlist/47436
Jordan Rakei,Eye to Eye,Wallflower,Ninja Tune,,,Snack Time on Wed 11/15/17,http://wkdu.org/playlist/47436
Prototyp3,Farewells,Welcome to Lushville,Night Swim Records,,,Snack Time on Wed 11/15/17,http://wkdu.org/playlist/47436
Moon Bounce,I am a Strange Loop,Strange Loop EP,Moving Castle Records,,,Snack Time on Wed 11/15/17,http://wkdu.org/playlist/47436
s.lyre,Google Maps Holiday,,,,,Snack Time on Wed 11/15/17,http://wkdu.org/playlist/47436
Hazey Eyes,Some Reason,Some Reason EP,Bear and Owl,,,Snack Time on Wed 11/15/17,http://wkdu.org/playlist/47436
Tennyson,Cry Bird,Uh Oh! EP,OWSLA,,,Snack Time on Wed 11/15/17,http://wkdu.org/playlist/47436
Sophie Meiers x INVT,Medication,,,,,Snack Time on Wed 11/15/17,http://wkdu.org/playlist/47436
AlunaGeorge,Fake Magic (Gigamesh remix),,,,,Snack Time on Wed 11/15/17,http://wkdu.org/playlist/47436
Weed,They Don't Ask Me,Running Back,,,,Clangour on Wed 11/15/17,http://wkdu.org/playlist/47438
Broken Water,Set Free,Wrought,,,,Clangour on Wed 11/15/17,http://wkdu.org/playlist/47438
Sun Organ,Other People,Wooden Brain,,,✔,Clangour on Wed 11/15/17,http://wkdu.org/playlist/47438
Brief Candles,Appearances,Retreater,,✔,,Clangour on Wed 11/15/17,http://wkdu.org/playlist/47438
Creepoid,Yellow Walpaper,Creepoid,,,✔,Clangour on Wed 11/15/17,http://wkdu.org/playlist/47438
Ovlov,Blue Baby,am,,,,Clangour on Wed 11/15/17,http://wkdu.org/playlist/47438
ORB,A Man In The Sand,Naturality,,✔,,Clangour on Wed 11/15/17,http://wkdu.org/playlist/47438
Oh Sees,Animated Violence,Orc,,✔,,Clangour on Wed 11/15/17,http://wkdu.org/playlist/47438
Meatbodies,Fools Fold Their Hands,Alice,,,,Clangour on Wed 11/15/17,http://wkdu.org/playlist/47438
Fuzz,What's In My Head,Fuzz,,,,Clangour on Wed 11/15/17,http://wkdu.org/playlist/47438
Witch,Seer,Witch,,,,Clangour on Wed 11/15/17,http://wkdu.org/playlist/47438
Xarhanga,Acid Nightmare,Warfaring Strangers: Acid Nightmares,,,,Clangour on Wed 11/15/17,http://wkdu.org/playlist/47438
CFM,Rise and Fall,Dichotomy Desaturated,,,,Clangour on Wed 11/15/17,http://wkdu.org/playlist/47438
King Tuff,Magic Mirror,Black Moon Spell,,,,Clangour on Wed 11/15/17,http://wkdu.org/playlist/47438
Dream Machine,Eye for an Eye,The Illusion,,,,Clangour on Wed 11/15/17,http://wkdu.org/playlist/47438
TY Segall,Love Fuzz,Twins,,,,Clangour on Wed 11/15/17,http://wkdu.org/playlist/47438
Chad VanGaalen,Golden Oceans,Light Information,,✔,,Clangour on Wed 11/15/17,http://wkdu.org/playlist/47438
Golden Triangle,Jelly Roll,Double Jointer,,,,Clangour on Wed 11/15/17,http://wkdu.org/playlist/47438
Night Beats,Egypt Berry,Who Sold My Generation,,,,Clangour on Wed 11/15/17,http://wkdu.org/playlist/47438
Chastity Belt,The Thing,Time to Go Home,,,,Clangour on Wed 11/15/17,http://wkdu.org/playlist/47438
ACID,Nothing's For Free,Acid,,,,Clangour on Wed 11/15/17,http://wkdu.org/playlist/47438
Dinosaur Jr.,What Else Is New,Where You Been,,,,Clangour on Wed 11/15/17,http://wkdu.org/playlist/47438
Ariel Pink,Dreamdate Narcissist,Dedicated to Bobby Jameson,,✔,,Clangour on Wed 11/15/17,http://wkdu.org/playlist/47438
Purity of Heart,Krill,Lucky Leaves,,,,Clangour on Wed 11/15/17,http://wkdu.org/playlist/47438
L.A. Witch,Feel Alright,L.A. Witch,,✔,,Clangour on Wed 11/15/17,http://wkdu.org/playlist/47438
Camea,Orchestra of Dreams,,BPitch Control,,,Off The Deep End on Wed 11/15/17,http://wkdu.org/playlist/47439
Dario D'Attis,Sound Dimension,,Saved,,,Off The Deep End on Wed 11/15/17,http://wkdu.org/playlist/47439
Francisco Allendes,Alien Water Kiss,,Deeperfect,,,Off The Deep End on Wed 11/15/17,http://wkdu.org/playlist/47439
Alcatraz,Giv Me Luv (Nicole Moudaber Remix),,Yoshitoshi,,,Off The Deep End on Wed 11/15/17,http://wkdu.org/playlist/47439
Gary Beck,Before The Crash,,Soma,,,Off The Deep End on Wed 11/15/17,http://wkdu.org/playlist/47439
Jon Rundell,Jack The Bass (Space Ibiza Edit),,Cr2,,,Off The Deep End on Wed 11/15/17,http://wkdu.org/playlist/47439
Ramiro Lopez,Redone,,Toolroom,,,Off The Deep End on Wed 11/15/17,http://wkdu.org/playlist/47439
"D-Unity, Matt Sassari",I Like It,,Intec,,,Off The Deep End on Wed 11/15/17,http://wkdu.org/playlist/47439
Bart Skils,My Part Of Town,,Drumcode,,,Off The Deep End on Wed 11/15/17,http://wkdu.org/playlist/47439
"Nicole Moudaber, Carl Cox",See You Next Tuesday,,MOOD,,,Off The Deep End on Wed 11/15/17,http://wkdu.org/playlist/47439
Christian Smith,Force Majeure,,Drumcode,,,Off The Deep End on Wed 11/15/17,http://wkdu.org/playlist/47439
Ronnie Spiteri,Revenge,,Knee Deep In Sound,,,Off The Deep End on Wed 11/15/17,http://wkdu.org/playlist/47439
M.F.S Observatory,K3,,Observatory Music,,,Off The Deep End on Wed 11/15/17,http://wkdu.org/playlist/47439
Kalyde,Last Seven,,Skint,,,Off The Deep End on Wed 11/15/17,http://wkdu.org/playlist/47439
"Dajae, Mason Maynard",Tear It Up,,Relief,,,Off The Deep End on Wed 11/15/17,http://wkdu.org/playlist/47439
Jon Rundell,Mind,,Intec,,,Off The Deep End on Wed 11/15/17,http://wkdu.org/playlist/47439
Sven Tasnadi,Straight Forward,,Hive Audio,,,Off The Deep End on Wed 11/15/17,http://wkdu.org/playlist/47439
"Francisco Allendes, Pablo Inzunza",Super 8,,Desolat,,,Off The Deep End on Wed 11/15/17,http://wkdu.org/playlist/47439
Ilario Alicante,Unbalanced 2,,Pushmaster Discs,,,Off The Deep End on Wed 11/15/17,http://wkdu.org/playlist/47439
bpmf,Fear Is The Mind Killer,,Schmer,,,Off The Deep End on Wed 11/15/17,http://wkdu.org/playlist/47439
Gel Abril,Monsoon (Jeff Rushin Remix),,Suara,,,Off The Deep End on Wed 11/15/17,http://wkdu.org/playlist/47439
Adam Beyer,Trast,,Loop,,,Off The Deep End on Wed 11/15/17,http://wkdu.org/playlist/47439
Gary Beck,Barefoot Sunday (Floorplan Remix),,BEK Audio,,,Off The Deep End on Wed 11/15/17,http://wkdu.org/playlist/47439
"Carl Cox, Nile Rodgers",Beat The Track,,Bush,,,Off The Deep End on Wed 11/15/17,http://wkdu.org/playlist/47439
Moritz Butschek,Waterfalls,,Toy Tonics,,,Off The Deep End on Wed 11/15/17,http://wkdu.org/playlist/47439
Crackazat,Seven Steps,,Eureka!,,,Off The Deep End on Wed 11/15/17,http://wkdu.org/playlist/47439
Shur-I-Kan,Withdrawal Method,,Lazy Days,,,Off The Deep End on Wed 11/15/17,http://wkdu.org/playlist/47439
Slutever,Open Wide,Almost Famous,,,,Music Against the Patriarchy on Thu 11/16/17,http://wkdu.org/playlist/47440
Ex Friends,Fight Like a Girl,Rules for Making Up Words,,,✔,Music Against the Patriarchy on Thu 11/16/17,http://wkdu.org/playlist/47440
Bush Tetras,Too Many Creeps,Boom in the Night,,,,Music Against the Patriarchy on Thu 11/16/17,http://wkdu.org/playlist/47440
Kim Gordon,Murdered Out,Murdered Out,,,,Music Against the Patriarchy on Thu 11/16/17,http://wkdu.org/playlist/47440
Patti Smith,Redondo Beach,Horses,,,,Music Against the Patriarchy on Thu 11/16/17,http://wkdu.org/playlist/47440
Ex Hex,Don't Wanna Lose,Rips,,,,Music Against the Patriarchy on Thu 11/16/17,http://wkdu.org/playlist/47440
Siouxsie and the Banshees,The Passenger,Through the Looking Glass,,,,Music Against the Patriarchy on Thu 11/16/17,http://wkdu.org/playlist/47440
The Slits,I Heard It Through the Grapevine,Cut,,,,Music Against the Patriarchy on Thu 11/16/17,http://wkdu.org/playlist/47440
Habibi,Far From Right,Habibi,,,,Music Against the Patriarchy on Thu 11/16/17,http://wkdu.org/playlist/47440
Sleater-Kinney,Rollercoaster,The Woods,,,,Music Against the Patriarchy on Thu 11/16/17,http://wkdu.org/playlist/47440
L7,Dispatch from Mar-A-Lago,Dispatch from Mar-A-Lago,,,,Music Against the Patriarchy on Thu 11/16/17,http://wkdu.org/playlist/47440
Bikini Kill,Reject All American,The Punk Singer (Original Soundtrack),,,,Music Against the Patriarchy on Thu 11/16/17,http://wkdu.org/playlist/47440
Heavens to Betsy,Nothing Can Stop Me,Calculated,,,,Music Against the Patriarchy on Thu 11/16/17,http://wkdu.org/playlist/47440
The Coathangers,Make It Right,Nosebleed Weekend,,,,Music Against the Patriarchy on Thu 11/16/17,http://wkdu.org/playlist/47440
X-Ray Spex,Art-I-Ficial,Germ Free Adolescents,,,,Music Against the Patriarchy on Thu 11/16/17,http://wkdu.org/playlist/47440
Au Pairs,We're So Cool,Stepping Out of Line: The Anthology,,,,Music Against the Patriarchy on Thu 11/16/17,http://wkdu.org/playlist/47440
Bad Canoes,D'Arcy's Boots,Sisterhood is Powerful,,,✔,Music Against the Patriarchy on Thu 11/16/17,http://wkdu.org/playlist/47440
Speedy Ortiz,Basketball,Sports EP,,,,Music Against the Patriarchy on Thu 11/16/17,http://wkdu.org/playlist/47440
Traveling,End of the Summer,End of the Summer,,,,Music Against the Patriarchy on Thu 11/16/17,http://wkdu.org/playlist/47440
Big Nothing,Sugar,s/t EP,,,,Music Against the Patriarchy on Thu 11/16/17,http://wkdu.org/playlist/47440
Martha,"11:445, Legless in Brandon",Blisters in the Pit of My Heart,,,,Music Against the Patriarchy on Thu 11/16/17,http://wkdu.org/playlist/47440
Pussy Riot,Make America Great Again,xxx,,,,Music Against the Patriarchy on Thu 11/16/17,http://wkdu.org/playlist/47440
WILD FLAG,Something Came Over Me,Wild Flag,,,,Music Against the Patriarchy on Thu 11/16/17,http://wkdu.org/playlist/47440
Krewcial,Lose My Mind,,GAMM,,,Dr. Plotkin's Majikal Evening X-Perience on Thu 11/16/17,http://wkdu.org/playlist/47443
LTJ XPerience,Inside Groove,,IRMA Italy,,,Dr. Plotkin's Majikal Evening X-Perience on Thu 11/16/17,http://wkdu.org/playlist/47443
DJ Deece,Runnin',,,,,Dr. Plotkin's Majikal Evening X-Perience on Thu 11/16/17,http://wkdu.org/playlist/47443
Jad & The,Familiar Family Photo,,Toy Tonics,,,Dr. Plotkin's Majikal Evening X-Perience on Thu 11/16/17,http://wkdu.org/playlist/47443
Folamour,Ivoire,,Moonrise Hill Material,,,Dr. Plotkin's Majikal Evening X-Perience on Thu 11/16/17,http://wkdu.org/playlist/47443
Jax Madicine,Surround Seas,,Local Talk,,,Dr. Plotkin's Majikal Evening X-Perience on Thu 11/16/17,http://wkdu.org/playlist/47443
Misiu,Roll The Dice,,RazorNTape,,,Dr. Plotkin's Majikal Evening X-Perience on Thu 11/16/17,http://wkdu.org/playlist/47443
Chocolate City Connection,Take The Music To The Party,,BBE,,,Dr. Plotkin's Majikal Evening X-Perience on Thu 11/16/17,http://wkdu.org/playlist/47443
The Trammps,Can We Come Together (Joey Negro Philly Dub Excursion),,Z Records,,,Dr. Plotkin's Majikal Evening X-Perience on Thu 11/16/17,http://wkdu.org/playlist/47443
Universal Robot Band,Disco Boogie Woman (re-edit),,BBE,,,Dr. Plotkin's Majikal Evening X-Perience on Thu 11/16/17,http://wkdu.org/playlist/47443
Loure,Vue,,Noire & Blanche,,,Dr. Plotkin's Majikal Evening X-Perience on Thu 11/16/17,http://wkdu.org/playlist/47443
Sphinxxx,"Je Pense, Je Danse",,,,,Dr. Plotkin's Majikal Evening X-Perience on Thu 11/16/17,http://wkdu.org/playlist/47443
Sweely,Please Stay,,La Chinerie,,,Dr. Plotkin's Majikal Evening X-Perience on Thu 11/16/17,http://wkdu.org/playlist/47443
Project Pablo,Is It Dry?,,Technicolour,✔,,Dr. Plotkin's Majikal Evening X-Perience on Thu 11/16/17,http://wkdu.org/playlist/47443
Neville Watson,Songs To Elevate Pure Hearts (extended remix),,Creme Organization,,,Dr. Plotkin's Majikal Evening X-Perience on Thu 11/16/17,http://wkdu.org/playlist/47443
Peter Power,Adama Waro (Khidja Dub),,Multi Culti,,,Dr. Plotkin's Majikal Evening X-Perience on Thu 11/16/17,http://wkdu.org/playlist/47443
Butch,The Spirit feat. Hohberg (Adriatique's 7 AM remix),,Watergate Records,,,Dr. Plotkin's Majikal Evening X-Perience on Thu 11/16/17,http://wkdu.org/playlist/47443
Nicola Cruz,Invocacion (Uji Remix),,Multi Culti,,,Dr. Plotkin's Majikal Evening X-Perience on Thu 11/16/17,http://wkdu.org/playlist/47443
Nu,Amor,,Sprinkler,,,Dr. Plotkin's Majikal Evening X-Perience on Thu 11/16/17,http://wkdu.org/playlist/47443
Maalem Mahmoud Guinia & Floating Points,Mimoun Marhaba,,Border Community,,,Dr. Plotkin's Majikal Evening X-Perience on Thu 11/16/17,http://wkdu.org/playlist/47443
Floating Points,Nuits Sonores,,Eglo Records,,,Dr. Plotkin's Majikal Evening X-Perience on Thu 11/16/17,http://wkdu.org/playlist/47443
Yuri Gagarin,Sonic Invasion 2910,st,,,,Aging Anarchist's Radio Program on Thu 11/16/17,http://wkdu.org/playlist/47442
Buffalo Killers,Black Halo,Alive and Well in Ohio,,✔,,Aging Anarchist's Radio Program on Thu 11/16/17,http://wkdu.org/playlist/47442
Executive Slacks,I'm Coming,"Our Lady 12""",,,,Aging Anarchist's Radio Program on Thu 11/16/17,http://wkdu.org/playlist/47442
Shawn Kilroy,Sally Baby,Cheap Sneakers EP,,,,Aging Anarchist's Radio Program on Thu 11/16/17,http://wkdu.org/playlist/47442
Emptyset,Eye II,Skin,,✔,,Aging Anarchist's Radio Program on Thu 11/16/17,http://wkdu.org/playlist/47442
The Who,905,Who Are You,,,,Aging Anarchist's Radio Program on Thu 11/16/17,http://wkdu.org/playlist/47442
Cults,Nothing Is Written,Offering,,✔,,Aging Anarchist's Radio Program on Thu 11/16/17,http://wkdu.org/playlist/47442
The Infinite Trip,Bardo Plane,We Are Like Dream Children,,,,Aging Anarchist's Radio Program on Thu 11/16/17,http://wkdu.org/playlist/47442
Pauline Anna Strom,Mushroom Trip,Trans-Millenia Music,,✔,,Aging Anarchist's Radio Program on Thu 11/16/17,http://wkdu.org/playlist/47442
Windy & Carl,Preparation,Portal,,,,Aging Anarchist's Radio Program on Thu 11/16/17,http://wkdu.org/playlist/47442
Flying Saucer Attack,For Silence,Further,,,,Aging Anarchist's Radio Program on Thu 11/16/17,http://wkdu.org/playlist/47442
Cobra Family Picnic,Draags,Magnetic Anomaly,,✔,,Aging Anarchist's Radio Program on Thu 11/16/17,http://wkdu.org/playlist/47442
Moonchild,Run Away,Voyager,,✔,,Aging Anarchist's Radio Program on Thu 11/16/17,http://wkdu.org/playlist/47442
Khan Tengri,Calling All Beings,KT2,,✔,,Aging Anarchist's Radio Program on Thu 11/16/17,http://wkdu.org/playlist/47442
Good NightOwl,Every Vague Evening Riddles You,Psycle,,✔,,Aging Anarchist's Radio Program on Thu 11/16/17,http://wkdu.org/playlist/47442
No Trend,Karma Nights,A Dozen Dead Roses,,,,Aging Anarchist's Radio Program on Thu 11/16/17,http://wkdu.org/playlist/47442
KMFDM,Total State Machine,Hell Yeah,,✔,,Aging Anarchist's Radio Program on Thu 11/16/17,http://wkdu.org/playlist/47442
Floorian,Samadhi,More Fiend,,,,Aging Anarchist's Radio Program on Thu 11/16/17,http://wkdu.org/playlist/47442
David Bowie,Panic in Detroit,Aladin Sane,,,,Aging Anarchist's Radio Program on Thu 11/16/17,http://wkdu.org/playlist/47442
Haikus,Arizona,Onigiri,,✔,,Aging Anarchist's Radio Program on Thu 11/16/17,http://wkdu.org/playlist/47442
Flavor Crystals,Antenna House,The Shiver Of...,,,,Aging Anarchist's Radio Program on Thu 11/16/17,http://wkdu.org/playlist/47442
Orb,Mother Brain,Naturality,,✔,,Aging Anarchist's Radio Program on Thu 11/16/17,http://wkdu.org/playlist/47442
Funkadelic,"Mommy, What's a Funkadelic?",Funkadelic,,,,Malthusian Blues on Sat 11/18/17,http://wkdu.org/playlist/47447
Gong,Glad to Say to Say,Magic Brother,,,,Malthusian Blues on Sat 11/18/17,http://wkdu.org/playlist/47447
Minutemen,Bob Dylan Wrote Propaganda Songs,What Makes A Man Start Fires?,,,,Malthusian Blues on Sat 11/18/17,http://wkdu.org/playlist/47447
Protomartyr,Windsor Hum,Relatives in Descent,,✔,,Malthusian Blues on Sat 11/18/17,http://wkdu.org/playlist/47447
David Nance Band,Amethyst,summer single series 2017,,✔,,Malthusian Blues on Sat 11/18/17,http://wkdu.org/playlist/47447
Metz,Cellophane,Strange Peace,,✔,,Malthusian Blues on Sat 11/18/17,http://wkdu.org/playlist/47447
Destroyer,Stay Lost,ken,,✔,,Malthusian Blues on Sat 11/18/17,http://wkdu.org/playlist/47447
Glazer,Disaster Footage,On a Prairie Live in the Dirt,,✔,,Malthusian Blues on Sat 11/18/17,http://wkdu.org/playlist/47447
Everyone's Dirty,My Neon's Dead,My Neon's Dead,,✔,,Malthusian Blues on Sat 11/18/17,http://wkdu.org/playlist/47447
Omni,After Dinner,Multi-Task,,✔,,Malthusian Blues on Sat 11/18/17,http://wkdu.org/playlist/47447
Kaitlyn Aurelia Smith,i Am a Thought,The Kid,,✔,,Malthusian Blues on Sat 11/18/17,http://wkdu.org/playlist/47447
Shilpa Ray,EMT Police and the Fire Department,Door Girl,,✔,,Malthusian Blues on Sat 11/18/17,http://wkdu.org/playlist/47447
Soft Boys,I Wanna Destroy You,Underwater Moonlight,,,,Malthusian Blues on Sat 11/18/17,http://wkdu.org/playlist/47447
Headroom,Flower of Light,Head in the Clouds,,✔,,Malthusian Blues on Sat 11/18/17,http://wkdu.org/playlist/47447
Big Star,What's Goin' Ahn,Radio City,,,,Malthusian Blues on Sat 11/18/17,http://wkdu.org/playlist/47447
Tom Waits,The Ocean Doesn't Want Me Today,Bone Machine,,,,Malthusian Blues on Sat 11/18/17,http://wkdu.org/playlist/47447
Ric Colbeck Quartet,Aphrodite,The Sun is Coming Up,,,,Malthusian Blues on Sat 11/18/17,http://wkdu.org/playlist/47447
Noah Howard,Mount Fuji,The Black Ark,,,,Malthusian Blues on Sat 11/18/17,http://wkdu.org/playlist/47447
Dirty Fences,911,Goodbye Love,,✔,,Electric Zoo on Fri 11/17/17,http://wkdu.org/playlist/47446
Au.Ra,Applause,Cultivations,,✔,,Electric Zoo on Fri 11/17/17,http://wkdu.org/playlist/47446
Angelo De Augustine,I'll Wait for the Others,Swim Inside the Moon,,✔,,Electric Zoo on Fri 11/17/17,http://wkdu.org/playlist/47446
Beliefs,Retreat (Light the Fire),Habitat,,✔,,Electric Zoo on Fri 11/17/17,http://wkdu.org/playlist/47446
Cymbals,Decay,Light In Your Mind,,✔,,Electric Zoo on Fri 11/17/17,http://wkdu.org/playlist/47446
Tracy Bryant,Forever Certain,A Place for Nothing and Everything in Its Place,,✔,,Electric Zoo on Fri 11/17/17,http://wkdu.org/playlist/47446
The Kickbacks,Rube,Weddings and Funerals,,✔,,Electric Zoo on Fri 11/17/17,http://wkdu.org/playlist/47446
Grooms,They Can Tell,Exit Index,,✔,,Electric Zoo on Fri 11/17/17,http://wkdu.org/playlist/47446
A Giant Dog,Get Away,Toy,,✔,,Electric Zoo on Fri 11/17/17,http://wkdu.org/playlist/47446
Liars,Staring at Zero,TFCF,,,,Electric Zoo on Fri 11/17/17,http://wkdu.org/playlist/47446
Phono Pony,Vancant,Death by Blowfish,,✔,,Electric Zoo on Fri 11/17/17,http://wkdu.org/playlist/47446
Otis the Destroyer,Monster Eater,Keep Bashing,,✔,,Electric Zoo on Fri 11/17/17,http://wkdu.org/playlist/47446
Maximo Park,What Equals Love?,Risk to Exist,,✔,,Electric Zoo on Fri 11/17/17,http://wkdu.org/playlist/47446
Show Me The Body,Spit,Corpus I,,,,Electric Zoo on Fri 11/17/17,http://wkdu.org/playlist/47446
Shopping,In Other Words,Consumer Complaints,,,,Electric Zoo on Fri 11/17/17,http://wkdu.org/playlist/47446
Ducktails,Killin' the Vibe,III: Arcade Dynamics,,,,Electric Zoo on Fri 11/17/17,http://wkdu.org/playlist/47446
